{"loss": [3.4444735050201416], "accuracy": [0.12627550959587097]}